,name,ingridient
0,콩비지동그랑땡,['계란' '전분' '부침가루' '소금' '후추' '참기름' '밀가루' '배추' '호박' '대파' '다짐육' '콩비지' '다진마늘']
1,누드김밥,"['통깨' '마요네즈' '설탕' '식초' '두부' '소금' '참기름' '통깨' '김밥용김' '어린잎채소' '가지' '당근' '밥'
 '오이']"
2,쪽파 새우강회,['설탕' '통깨' '식초' '고추장' '소금' '쪽파' '중새우']
3,카레토마토달걀볶음밥,['양파' '방울토마토' '밥' '물' '셀러리' '후추' '햄' '달걀' '카레가루']
4,식빵고구마파이,['식빵' '마요네즈' '꿀' '달걀노른자' '우유' '고구마' '소금' '건블루베리']
5,배추만두,"['후추' '다진마늘' '들기름' '통깨' '소금' '버섯' '두부' '당면' '당근' '다짐육(소고기)' '다짐육(돼지고기)'
 '다진생강' '간장' '달걀' '미나리' '배추잎']"
6,당근잎 감자전,['부침가루' '양파' '감자' '당근채' '당근잎' '소금']
7,단호박 고등어조림,"['고춧가루' '들기름' '설탕' '다진마늘' '무' '양파' '단호박' '간장' '된장' '고추장' '쌀뜨물' '고등어'
 '청양고추' '홍고추']"
8,나물 월남쌈,['매실액' '통깨' '참기름' '고추' '라이스페이퍼' '연어살' '무채' '고사리' '도라지' '콩나물' '시금치']
9,애호박 구이,['애호박' '어린잎채소' '부침유' '간장' '맛술' '통깨' '다진마늘' '식초' '청양고추' '대파' '참기름' '올리브유']
10,오이보트카나페,"['양파' '단무지' '아몬드' '견과류' '마요네즈' '꿀' '허브솔트' '소금' '머드터드' '식초' '황설탕' '백오이'
 '참치캔' '삶은계란']"
11,가지두부스테이크,['아몬드' '다진고추' '매실액' '굴소스' '다진식파' '에멘탈 치즈가루' '두부' '가지' '굴소스']
12,깻잎장아찌,"['설탕' '통깨' '다진마늘' '고춧가루' '간장' '까나리액젓' '쪽파' '깻잎' '홍고추' '깻잎' '진간장' '고춧가루'
 '실고추' '마늘' '생강' '깨소금' '파']"
13,고추장아찌,['설탕' '물' '간장' '식초' '고추' '청고추' '물' '간장' '설탕' '소금' '생강']
14,민트라임모히또,['탄산수' '얼음' '설탕' '허브(민트)' '라임']
15,어린잎샌드위치,['슬라이스치즈' '마요네스' '슬라이스햄' '모닝빵' '토마토' '어린잎채소' '허니머스타드']
16,호박무침,['설탕' '통깨' '식초' '된장' '고춧가루' '대파' '청고추' '홍고추' '양파' '둥근호박']
17,가지무침과 호박잎쌈밥,['통깨' '양파' '쪽파' '다진마늘' '풋고추' '소금' '쌈장' '밥' '호박잎' '가지' '간장']
18,상추 치커리 오징어 초침무,['와사비' '후추' '설탕' '식초' '고추장' '오징어' '양파' '고추' '당근' '오이' '쑥갓' '치커리' '상추']
19,가지그라탕,['가지' '올리브오일' '후추' '소금' '파마산치즈가루' '양파' '토마토소스' '파슬리가루' '피자치즈' '다진마늘' '우유']
20,매운가지볶음,['가지' '양파' '홍고추' '청고추' '대파' '다진마늘' '고춧가루' '들기름' '간장' '소금' '후추']
21,고구마잎무침,['소금' '고구마잎' '다진마늘' '다진파' '깨소금' '참기름']
22,닭가슴살 호박말이,['후추' '허니머스타드' '소금' '마요네즈' '노각' '닭가슴살' '호박']
23,토마토미니새송이볶음,['다진마늘' '방울토마토' '미니새송이버섯' '다진쪽파' '바질' '소금' '올리브유']
24,오이동치미,['소금' '물' '파뿌리' '양파' '밥' '무' '깐밤' '소금' '오이' '노란 파프리카' '붉은 파프리카' '생강']
25,돛나물 부추 오이무침,['고추가루' '액젓' '매실액' '다진마늘' '돛나물' '부추' '오이' '양파']
26,가지말이구이,['소금' '사과' '가지' '소고기' '무순' '당근' '버섯' '버터']
27,바질페스토 스파게티,"['바질' '잣' '다진마늘' '올리브오일' '파마르산치즈' '소금, 후추' '다진마늘' '화이트와인' '새우' '스파게티면'
 '소금, 후추' '올리브오일']"
28,시금치들깨수제비,"['찹쌀가루' '밀가루' '들깨가루' '올리브유' '소금' '육수용 물' '육수용 무' '국물용 다시마' '국물용멸치'
 '육수용 대파' '시금치']"
29,단호박옥수수치즈구이,['슈레드 치즈(모짜렐라치즈)' '슬라이스치즈' '전분' '찐옥수수 알갱이' '무지개고추' '파프리카' '단호박']
30,감동젓무김치,"['낙지' '절인 배추' '고춧가루' '감동젓' '다진마늘' '다진생각' '설탕' '소급' '생굴' '실파' '미나리' '밤' '배'
 '무' '북어']"
31,보쌈김치,"['절인 배추' '생강' '잣' '대추' '굴' '낙지다리' '밤' '배' '미나리' '실파' '갓' '소금' '새우젓' '고춧가루'
 '마늘' '무' '석이버섯' '통깨' '생굴' '낙지' '액체육젓' '소금' '설탕' '배추' '무' '미나리' '갓' '실파'
 '배' '마늘' '생강' '밤' '은행' '고춧가루']"
32,시래기돼지갈비찜,"['돼지갈비' '시래기' '후추' '소금' '다진생강' '다진마늘' '다진양파' '다진파' '사과즙' '배즙' '청주' '간장'
 '다시마 우린 물' '고춧가루' '고추장']"
33,흑임자삼계죽,['양파' '대파' '참쌀' '인삼' '땅콩' '소금' '닭' '잣' '통후추' '대추' '볶은 흑임자(검은깨)']
34,한우토마토스튜,"['쇠고기(안심 또는 등심)' '소금' '양파' '감자' '당근' '홍피망, 청피망 각각' '양송이버섯' '후추, 식용유' '칠리'
 '다진 마늘' '물' '월계수 잎' '바질' '토마토페이스트' '토마토']"
35,시금치표고된장무른밥,['표고버섯' '감자' '아기된장소스' '양파' '당근' '멥쌀' '찹쌀' '시금치']
36,시금치배미음죽,['멥쌀' '찹쌀' '물(쇠고기육수)' '배' '시금치']
37,쌀샐러드,"['올리브오일' '후춧가루' '당근' '샐러리' '쌀' '화이트와인' '완두콩' '닭 육수' '이태리고추' '사라다나' '트레비소'
 '마늘' '로즈마리' '낙지' '이태리파슬리' '토마토' '파프리카' '차이브' '소금' '양파']"
38,까르보나라 (한국식),['돼지 볼살' '스파게티' '양파' '계란노른자' '그라나 빠다노' '우유' '이태리파슬리' '후추' '소금' '생크림']
39,송어샐러드,['송어' '양상추' '무순' '파인애플' '오이' '토마토' '파슬리']
40,잉어찜,"['잉어' '콩나물' '미나리' '계란' '홍고추' '[양념장] 고춧가루' '참기름' '다진마늘' '된장' '물엿' '생강'
 '후춧가루' '고추장']"
41,메기매운탕,['메기' '무' '대파' '마늘' '생강' '쑥갓' '고추장' '식용유' '소금' '후춧가루' '물' '고춧가루']
42,비빔냉면,"['설탕' '식초' '육수' '깨소금' '냉면' '계란' '방울토마토' '샐러드채소' '무' '[배합초] 소금' '설탕' '식초'
 '물' '[비빔양념] 간장' '고추장' '다진마늘' '다진파' '물엿']"
43,미소된장국,['미소' '두부' '간장' '팽이버섯' '실파' '다시마']
44,꽁치김치찌개,['김치' '꽁치' '무' '간장' '마늘' '김칫국물' '대파']
45,떡만두국,"['떡국떡' '만두피' '구운김' '대파' '다진마늘' '청정원맛선생' '국간장' '참기름' '만두피' '다진돼지고기' '배추김치'
 '숙주' '두부' '파' '계란']"
46,채소피클,['미니파프리카' '오이' '당근' '브로콜리' '양배추' '식초' '발효초' '설탕' '소금' '통후추' '물']
47,발효초요구르트,['플레인요구르트' '발효초' '꿀' '과일통조림' '초콜릿']
48,쫄면,['식초' '설탕' '간장' '참기름' '다진마늘' '고추장' '쫄면' '오이' '파프리카' '깻잎' '새싹채소' '물엿']
49,김치우동,"['우동면' '참기름' '김치' '쑥갓' '김' '[육수] 시판용장국' '물' '고춧가루' '국간장' '소금' '후춧가루' '맛술'
 '설탕' '식초' '고춧가루' '새우']"
50,해물순두부찌개,['두부' '계란' '청정원어장' '고춧가루' '깨소금' '양파' '미더덕' '바지락' '잔새우' '다시마' '멸치' '참기름']
51,해물매운탕,"['대하' '홍고추' '미더덕' '바지락' '꽃게' '무' '양파' '청고추' '다시마' '미나리' '쑥갓' '고춧가루' '국간장'
 '맛술' '다진마늘' '다진생강' '후춧가루' '소금' '참기름' '오징어']"
52,새송이쌈장구이,"['청주' '간장' '홍고추' '참기름' '올리브오일' '청고추' '양파' '표고버섯' '피망' '마늘' '새송이버섯'
 '청정원순창쌈장' '물' '쪽파' '다진마늘' '설탕']"
53,해물볶음밥,"['파프리카' '팽이버섯' '새우' '오징어' '바지락' '날치알' '파프리카' '소금' '후춧가루' '굴소스' '밥' '참기름'
 '청주']"
54,오코노미야키,"['양배추' '새우' '실파' '베이컨' '굴소스' '가쯔오브시' '양파' '팽이버섯' '소금' '후춧가루' '밀가루' '다시물'
 '계란' '마요네즈']"
55,두부조림,['두부' '청고추' '홍고추' '소금' '굴소스' '물' '참기름' '다진마늘']
56,돼지고기김치찌개,['신김치' '돼지고기안심' '청정원국선생' '표고버섯' '식용유' '청고추' '후춧가루' '맛술' '대파']
57,해물찌개,"['홍합' '모시조개' '무' '홍고추' '대파' '미나리' '고춧가루' '다진마늘' '다진생강' '고추장' '소금' '후춧가루'
 '다시마' '청고추' '쭈꾸미' '간장' '오징어' '새우' '양파']"
58,고추잡채와꽃빵,['청고추' '홍고추' '오이' '당근' '새우' '참기름' '후춧가루' '굴소스' '꽃빵' '새송이버섯' '청주' '포도씨유']
59,두부파프리카전,['포도씨유' '두부' '파프리카' '식초' '소금' '후춧가루' '간장' '칵테일새우']
60,참치죽,['참치통조림' '당근' '감자' '표고버섯' '불린쌀' '애호박' '국간장' '깨소금' '실파' '물' '다시마' '참기름']
61,고추장닭강정,"['닭' '맛술' '맛술' '소금' '후춧가루' '호두' '계란' '녹말가루' '튀김가루' '카레가루' '고추장' '토마토케첩'
 '물엿' '꿀' '물' '식초' '다진마늘' '고추기름' '우유']"
62,된장채소수제비,"['다진마늘' '물' '국간장' '소금' '후춧가루' '밀가루' '물' '된장' '표고버섯' '감자' '대파' '양파' '청고추'
 '홍고추' '국물용멸치' '참기름']"
63,치킨샐러드,"['닭가슴살' '양상추' '겨자잎' '양파' '당근' '오이' '마른고추' '허니머스터드' '레몬즙' '설탕' '소금' '청주'
 '다진마늘' '오렌지']"
64,무쌈말이,"['비트' '절임무' '오이' '게맛살' '파프리카' '네모난햄' '레몬즙' '계란' '땅콩버터' '꿀' '설탕' '식초' '깨소금'
 '무순']"
65,바베큐립,['돼지등갈비' '샐러리' '양파' '마늘' '후춧가루' '레드와인' '올리브오일' '소금' '바베큐소스']
66,부추올리브오일무침,['부추' '올리브오일' '[양념장] 다진파' '다진마늘' '통깨' '식초' '고춧가루' '설탕' '간장']
67,버섯잡채,"['팽이버섯' '식용유' '청피망' '홍피망' '간장' '표고버섯' '다진마늘' '참기름' '소금' '후춧가루' '느타리버섯'
 '설탕']"
68,가지김치,['가지' '부추' '다진파' '다진마늘' '소금' '고춧가루' '액젓' '설탕' '다진생강']
69,상추미소국,['상추' '미소된장' '실파' '가다랑이포' '두부' '다시마']
70,크림소스파스타,['파스타' '생크림' '양파' '후춧가루' '다진마늘' '베이컨' '우유' '버터' '소금']
71,녹두고물호박떡케이크,['멥쌀가루' '물' '소금' '단호박' '녹두' '설탕']
72,토란닭고기찜,['토란탕' '표고버섯' '닭고기' '우엉' '당근' '식용유' '맛술' '설탕' '생강즙' '청주' '간장']
73,삼색나물월남쌈,['시금치나물' '도라지나물' '고사리나물' '고기산적' '소스' '깻잎' '양파' '오이' '라이스페이퍼' '당근']
74,소꼬리찜,['소꼬리' '사골' '마늘' '대파' '밤' '청양고추' '대추']
75,왕새우구이와구운채소,"['소금' '버터' '샐러드오일' '통후추' '대하' '아스파라거스' '새송이버섯' '느타리버섯' '애호박' '가지' '감자'
 '마늘' '타임' '바질' '와사비']"
76,전어회무침,['전어' '무' '미나리' '청고추' '콩가루' '고춧가루' '양파' '고추장' '다진마늘' '설탕' '전어젓갈' '통깨' '식초']
77,대대로닭칼국수,['날콩가루' '밀가루' '닭' '소금' '통파' '생강' '오이' '닭발']
78,서리태콩국수,['서리태콩' '소면' '참깨' '오이' '토마토' '소금']
79,모듬콩수프,['콩' '깨' '잣' '소금' '식빵' '버터' '후춧가루' '호두']
80,우무콩냉국,['우무' '콩' '깨' '소금' '생수' '오이' '잣']
81,녹차콩국수,['메주콩' '녹차국수' '오이' '소금' '물' '육수' '방울토마토']
82,시금치나물,['대파' '홍고추' '통깨' '멸치액젓' '시금치' '물' '소금' '참기름']
83,죽순회와미나리강회,['죽순' '미나리' '계란' '쌀뜨물' '[초고추장] 고추장' '설탕' '식초' '홍고추']
84,전복죽,['전복' '쌀' '물' '김' '소금' '깨소금' '실파' '참기름']
85,새우죽,['쌀' '새우' '물' '참기름' '소금']
86,낙지연포탕,['낙지' '모시조개' '배추' '참기름' '소금' '청고추' '홍고추' '소금' '대파' '다진마늘']
87,시금치계란말이,['시금치' '계란' '올리브오일' '소금' '게맛살']
88,돼지갈비레몬찜,['돼지갈비' '다진마늘' '저민마늘' '마른고추' '올리브오일' '화이트와인' '물' '소금' '후춧가루' '레몬']
89,파프리카볶음밥,['파프리카' '찬밥' '감자' '호박' '올리브오일' '양파' '당근' '소금' '후춧가루' '피망']
90,붉은갓동치미,['배' '양파' '마늘' '생강' '고운소금' '굵은소금' '붉은갓' '삭힌고추' '물' '무']
91,깻잎말이김치,['깻잎' '밤' '홍고추' '청고추' '다진마늘' '대추' '물' '양파' '다진생강' '멸치' '멸치액젓' '설탕' '대파']
92,된장찌개,['멸치' '다시마' '표고버섯' '애호박' '청고추' '홍고추' '두부' '순창콩된장' '고춧가루' '다진마늘' '대파' '참기름']
93,근대된장국,['근대' '쇠고기' '다진마늘' '멸치' '고춧가루' '된장' '고추장' '대파']
94,고구마강정,['고구마' '시럽' '튀김기름' '호박씨' '건포도']
95,고추장,['메주콩' '멥쌀' '엿기름' '고춧가루' '소금' '찹쌀가루']
96,된장,['소금' '메주']
97,간장,['메주콩' '소금' '숯' '마른고추' '물']
98,얼갈이열무물김치,"['물' '설탕' '양파' '마늘' '생강' '미나리' '정종' '열무' '얼갈이배추' '굵은소금' '청고추' '홍고추' '쪽파'
 '물' '꽃소금' '밀가루']"
99,깻잎조림,['깻잎' '간장' '물' '들기름' '청고추' '홍고추' '조청']
100,쌀국수,"['쌀국수' '통계피' '대파' '쇠고기' '청고추' '피시소스' '고수잎' '소금' '[쇠고기육수] 쇠뼈' '쇠꼬리' '양파'
 '생강' '팔각' '정향' '숙주']"
101,마늘볶음국수,['우동면' '양파' '청고추' '홍고추' '간마늘' '버터' '숙주' '굴소스' '간장' '맛술' '간생강']
102,수삼치즈샐러드,"['수삼' '크림치즈' '양상추' '마요네즈' '적채' '치커리' '무,래디쉬']"
103,채소치즈죽,['햄' '양파' '청피망' '홍피망' '후춧가루' '치즈' '파슬리가루' '소금' '밥']
104,치즈멸치볼,['잔멸치' '간장' '설탕' '밥' '깨소금' '치즈' '식용유']
105,새우겨자채,['새우' '석이버섯' '팽이버섯' '오이' '당근' '양상추' '소금' '무순' '배' '겨자' '식초' '설탕' '부추']
106,갈치조림,"['갈치' '물엿' '애호박' '당근' '대파' '양파' '홍고추' '청고추' '굵은고춧가루' '고운고춧가루' '설탕' '다진생강'
 '다진마늘' '정종' '된장' '후춧가루' '소금' '간장' '무']"
107,갈치구이,['갈치' '소금' '밀가루' '레몬' '후춧가루']
108,고등어조림,"['고등어' '소금' '애호박' '당근' '대파' '양파' '홍고추' '풋고추' '팽이버섯' '간장' '굵은고춧가루' '고운고춧가루'
 '설탕' '물엿' '생강' '마늘' '정종' '된장' '후춧가루' '무']"
109,고등어양념구이,"['정종' '청고추' '마늘' '참기름' '깨소금' '물엿' '고등어' '간장' '굵은고춧가루' '고운고춧가루' '대파' '양파'
 '실파' '홍고추' '생강']"
110,돌솥비빔밥,"['애호박' '고추장' '도라지' '숙주' '시금치' '고사리' '상추' '육회' '계란후라이' '다진파' '다진마늘' '깨소금'
 '후춧가루' '참기름' '설탕' '취나물']"
111,낙지불고기,"['쇠고기' '육수' '당근' '양파' '홍고추' '콩나물' '애호박' '팽이버섯' '쑥갓' '간장' '설탕' '다진파' '다진마늘'
 '고춧가루' '고추장' '생강즙' '깨소금' '후춧가루' '낙지']"
112,무말랭이무침,['무말랭이' '다진파' '다진마늘' '간장' '설탕' '깨소금' '멸치액젓' '고춧가루' '고추장']
113,다시마채소말이,['쌈다시마' '오징어' '게맛살' '오이' '파프리카' '초고추장' '홍피망']
114,돼지고기우엉말이조림,['고춧가루' '정종' '설탕' '다시물' '우엉' '돼지고기' '간장' '생강즙']
115,꽃상추쌈,['상추' '밥' '다진쇠고기' '다진양파' '간장' '고추장' '다진파' '다진마늘' '깨소금' '참기름' '설탕']
116,양파전,['양파' '다진쇠고기' '두부' '다진파' '다진마늘' '홍고추' '소금' '참기름' '후춧가루' '밀가루' '계란' '깨소금']
117,봄동겉절이,['봄동' '영양부추' '고춧가루' '까나리액젓' '깨소금' '다진마늘' '다진파' '다진생강' '참기름' '새우젓']
118,북어해장국밥,['멸치다시물' '콩나물' '다진마늘' '다진파' '홍고추' '국간장' '소금' '후춧가루' '북어']
119,통마늘장아찌,['통마늘' '식초' '설탕' '식초' '[절임간장] 진간장' '설탕' '멸치']
120,생선전,['대구살' '계란' '쑥갓' '식용유' '후춧가루' '밀가루' '소금']
121,생굴채소무침,['마늘' '배추' '파슬리' '양념' '굴' '배' '오이' '청고추' '홍고추' '실파' '생밤']
122,고등어튀김케첩조림,['고등어' '생강' '피망' '양파' '실파' '마늘' '육수' '설탕' '녹말' '간장' '토마토케찹']
123,쇠고기덮밥,['쇠고기' '양파' '대파' '표고버섯' '다진마늘' '간장' '밥' '설탕' '소금' '참기름' '후춧가루' '깨소금' '맛술']
124,브로콜리베이컨말이,['브로콜리' '베이컨' '채소' '머스타드' '케첩']
125,맑은대구탕,['생대구' '다시마' '가쓰오브시' '미나리' '청고추' '홍고추' '마늘' '소금' '팽이버섯' '두부']
126,미역수제비,['닭고기' '마늘' '대파' '생강' '미역' '밀가루' '깨소금' '후춧가루' '국간장' '설탕' '다진파' '다진마늘' '소금']
127,양파쌈파이,['설탕' '계핏가루' '양파' '만두피' '식용유' '물']
128,라조기,"['닭' '간장' '계란' '녹말' '튀김가루' '마늘' '참기름' '마른고추' '표고버섯' '피망' '고춧기름' '청주' '육수'
 '대파']"
129,단호박구이,['단호박' '황설탕' '후춧가루' '소금' '버터']
130,돼지불고기,['돼지고기' '고추장' '고춧가루' '간장' '미림' '후춧가루' '다진마늘' '설탕' '물엿' '깨소금' '참기름' '다진파']
131,녹두죽,['녹두' '쌀' '설탕' '소금' '물']
132,간장게장,['꽃게' '간장' '물' '생강' '마늘' '청고추' '설탕' '채썬마늘' '채썬생강' '고춧가루' '참기름' '깨소금' '다진파']
133,해물샤브샤브,"['맛조개' '새우' '당근' '팽이버섯' '표고버섯' '미나리' '곤약' '다시마' '가쓰오브시' '소금' '청주' '폰즈소스'
 '와사비소스' '깨소스' '낙지']"
134,불고기꽃만두,"['밀가루' '쇠고기' '간장' '설탕' '참기름' '깨소금' '케첩' '양파' '튀김기름' '계란' '치자' '마늘' '피망'
 '후춧가루']"
135,쟁반라면,"['라면' '겨자' '계란' '꽃상추' '깻잎' '치커리' '양파' '고추장' '간장' '식초' '설탕' '깨소금' '후춧가루'
 '마늘' '쇠고기']"
136,부추잡채,"['부추' '돼지고기' '양파' '청고추' '다진마늘' '홍고추' '청정원굴소스' '소금' '참기름' '깨소금' '식용유'
 '다진생강']"
137,오징어볶음과소면,"['오징어' '양파' '홍고추' '양배추' '당근' '고추장' '참기름' '간장' '설탕' '다진파' '다진마늘' '깨소금'
 '후춧가루' '고춧가루']"
138,참치김치찌개,['김치' '참치' '양파' '대파' '홍고추' '청고추' '두부' '고춧가루' '소금' '참기름' '팽이버섯']
139,연어오픈샌드위치,['바게트' '훈제연어' '상추' '사워크림' '땅콩버터' '체리알' '머스터드']
140,떡꼬치,['가래떡' '쇠고기' '마늘' '브로콜리' '고추장' '참기름' '설탕' '간장' '후춧가루' '깨소금' '물' '고춧가루']
141,오징어섞어찌개,"['오징어' '맛술' '모시조개' '김치' '대파' '홍고추' '쑥갓' '다진마늘' '생강' '간장' '고춧가루' '소금'
 '후춧가루' '청고추' '양파' '호박' '다진파' '두부']"
142,어묵볶음,['어묵' '양파' '피망' '마늘' '고춧가루' '김치' '설탕' '참기름' '깨소금' '식용유' '간장']
143,닭가슴살해파리샐러드,['닭' '해파리' '오이' '홍고추' '레몬' '청고추' '참기름' '간장' '설탕' '꿀' '소금' '식초']
144,골뱅이볶음,['골뱅이' '표고버섯' '양파' '청피망' '홍피망' '마늘' '대파' '진간장' '깨소금' '참기름' '설탕' '녹말']
145,가지튀김,"['가지' '참기름' '소금' '간장' '설탕' '맛술' '깨소금' '머스터드' '마요네즈' '설탕' '밀가루' '계란' '빵가루'
 '후춧가루' '돼지고기']"
146,김치홍합국,['김치' '홍합' '멸치' '물' '대파' '마늘' '고춧가루' '소금' '홍고추']
147,라조육,"['마늘' '대파' '고추기름' '간장' '청주' '육수' '녹말' '참기름' '홍고추' '계란' '다진파' '소금' '돼지고기'
 '표고버섯' '피망' '생강즙']"
148,양상추참치샐러드,['참치' '양파' '당근' '오이' '양상추' '적채' '설탕' '소금' '머스터드' '토마토케첩' '마요네즈']
149,조기찜,"['조기' '홍고추' '감자' '양파' '물' '청고추' '대파' '마늘' '고추장' '고춧가루' '참기름' '생강즙' '소금'
 '후춧가루' '무']"
150,동래파전,"['밀가루' '설탕' '계란' '실파' '쇠고기' '굴' '홍합' '조갯살' '잔새우' '다진마늘' '식용유' '다진파' '소금'
 '후춧가루' '깨소금' '참기름' '고춧가루' '식초' '쌀가루']"
151,버섯매운탕,"['표고버섯' '느타리버섯' '송이버섯' '양파' '감자' '호박' '후춧가루' '쇠고기' '칼국수' '국간장' '고춧가루' '마늘'
 '소금' '쑥갓']"
152,우묵냉채,['다진파' '우묵' '오이' '다시마' '멸치' '다진마늘' '참기름' '깨소금' '고춧가루' '설탕' '간장']
153,순두부,['흰콩' '소금' '간수' '물']
154,마파두부덮밥,"['밥' '참기름' '돼지고기' '청고추' '대파' '다진마늘' '다진생강' '두반장' '고추기름' '간장' '맛술' '녹말물'
 '설탕' '홍고추' '두부']"
155,채소영양밥,['쌀' '물' '대추' '소금' '은행' '느타리버섯' '스위트콘' '밤']
156,오징어삼겹살볶음,"['오징어' '돼지고기' '옥수수통조림' '양파' '실파' '고추장' '홍고추' '설탕' '다진마늘' '다진생강' '물엿' '참기름'
 '청고추' '미림']"
157,볶음우동,"['우동면' '후춧가루' '핫소스' '간장' '청주' '참기름' '양배추' '양파' '숙주나물' '표고버섯' '피망' '팽이버섯'
 '마늘' '햄' '죽순' '대파' '식용유' '토마토케첩' '설탕' '굴소스']"
158,돈까스덮밥,"['돼지고기' '마늘' '우유' '빵가루' '계란' '정종' '샐러리' '돈까스소스' '우스터소스' '토마토케첩' '버터' '꿀'
 '미림' '사과' '양파' '바나나' '타바스코' '겨자' '밥' '밀가루']"
159,토마토해산물스파게티,"['오징어' '바질' '홍합' '모시조개' '동태살' '꼴뚜기' '마늘' '양파' '당근' '샐러리' '스파게티' '토마토'
 '토마토페이스트' '육수' '월계수잎' '소금' '후춧가루' '올리브오일' '파마산치즈' '새우']"
160,장어계란말이,['장어' '계란' '소금' '식용유' '미림' '다시마' '설탕']
161,장어덮밥,['장어' '초생강' '산초가루' '밥' '장어뼈' '진간장' '정종' '설탕' '미림' '장어대리']
162,모듬전,"['감자' '참기름' '부추' '밀가루' '물' '소금' '식용유' '깻잎' '쇠고기' '두부' '표고버섯' '계란' '간장'
 '설탕' '다진파' '다진마늘' '양파']"
163,해초무침,['해초' '미역' '오징어' '새우' '간장' '식용유' '흰후춧가루' '양파' '당근' '사과' '마늘' '레몬' '식초']
164,꽃게해물탕,"['꽃게' '청고추' '맛살조개' '오징어' '애호박' '무' '팽이버섯' '홍고추' '대파' '고추장' '고춧가루' '마늘'
 '국간장' '생강' '소금' '후춧가루' '바지락']"
165,쇠고기버섯덮밥,['쇠고기' '느타리버섯' '표고버섯' '팽이버섯' '계란' '다시마국물' '간장' '설탕' '미림' '실파']
166,소바정식,['김' '와사비' '대파' '설탕' '조미술' '가쓰오브시국물' '메밀국수' '진간장']
167,샤브샤브,"['쇠고기' '배추' '당근' '무' '팽이버섯' '표고버섯' '쑥갓' '다시마' '국물용멸치' '대파' '가래떡' '죽순' '두부'
 '쇠고기' '물' '팽이버섯' '표고버섯' '당근' '느타리버섯' '양파' '대파' '어묵' '곤약' '무' '국수' '쑥갓'
 '다시마' '청주' '소금' '간장' '식초' '청주' '배춧잎']"
168,채소스프,['쇠고기스톡' '토마토페이스트' '버터' '당근' '파슬리가루' '샐러리' '피망' '무' '양파']
169,해산물두부수프,['게살' '새우' '두부' '흰살생선' '오징어' '미원' '육수' '계란흰자' '소금' '정종' '참기름' '전분']
170,깐풍새우,"['새우' '참기름' '계란' '식용유' '양파' '마늘' '청고추' '홍고추' '대파' '생강' '간장' '식초' '육수'
 '후춧가루' '녹말']"
171,연어알초밥,['연어알' '밥' '와사비' '소금' '식초' '설탕' '김']
172,돈부리,['미나리' '팽이버섯' '계란' '가쓰오브시국물' '미림' '설탕' '밥' '쇠고기' '양파' '간장']
173,콩나물미나리무침,['콩나물' '미나리' '고춧가루' '다진마늘' '참기름' '깨소금' '다진파' '소금']
174,만두샐러드,['냉동만두' '양상추' '오이' '양파' '마요네즈' '토마토' '머스터드' '꿀' '식초' '올리브']
175,화전,['찹쌀가루' '소금' '대추' '물' '식용유' '설탕' '쑥갓']
176,무초김치,['무' '미나리' '배' '식초' '생강' '소금' '설탕' '당근']
177,오곡주먹밥,['찹쌀' '팥' '수수' '쌀' '쇠고기' '김' '콩' '간장' '참기름' '후춧가루' '깨소금' '조' '미나리']
178,캘리포니아롤,['게살' '오이' '아보카도' '계란' '박고지' '날치알' '초생강' '통깨' '밥' '식초' '설탕' '소금' '단무지' '김']
179,삼색태극말이초밥,['소금' '김' '계란노른자' '설탕' '파슬리' '밥' '식초' '오보로']
180,그린파스타,['페투치네' '베이컨' '양파' '생크림' '계란노른자' '오레가노' '올리브오일' '소금' '흰후추' '바질' '마늘']
181,제육겨자쌈,['돼지고기' '양파' '당근' '깻잎' '대파' '설탕' '소금' '식초' '통후추' '양겨자']
182,시금치된장죽,['쌀' '시금치' '일본된장' '가쓰오브시' '쇠고기' '참기름' '다시마']
183,고구마그라탱,['고구마' '생크림' '파슬리가루' '소금' '치즈가루' '모짜렐라치즈']
184,두부두루치기,['두부' '양배추' '양파' '대파' '홍고추' '깨소금' '다진파' '다진마늘' '고춧가루' '간장' '참기름' '풋고추']
185,고등어된장조림,['고등어' '무' '대파' '다시마국물' '된장' '술' '간장' '미림' '설탕']
186,무나물,['식용유' '참기름' '깨소금' '소금' '무']
187,월남쌈,"['라이스페이퍼' '소금' '오징어' '오이' '양파' '표고버섯' '키위' '파인애플' '간장' '물' '청고추' '설탕'
 '깨소금' '다진홍고추' '당근' '식초' '쌀국수']"
188,해물스파게티,"['스파게티' '소금' '오징어' '새우' '양파' '샐러리' '양송이' '다진마늘' '홀토마토' '버터' '밀가루' '오레가노'
 '올리브오일' '파마산치즈' '토마토' '후춧가루' '홍합']"
189,단호박튀김,['단호박' '계란' '식용유' '튀김가루' '밀가루']
190,파래무침,['파래' '당근' '간장' '설탕' '식초' '참기름' '깨소금']
191,안심스테이크,['쇠고기' '당근' '감자' '오이' '밀가루' '레드와인' '육수' '우스터소스' '토마토페스트' '소금' '후춧가루' '버터']
192,해물국시,['소금' '참기름' '칼국수' '다시마' '새우' '간장' '호박' '감자' '대파' '청고추' '바지락']
193,무생채,['무' '고춧가루' '식초' '설탕' '깨소금' '참기름' '다진파' '다진마늘' '소금']
194,오징어젓갈,['오징어' '소금' '다진파' '다진마늘' '다진생강' '고춧가루']
195,꽁치구이,['꽁치' '소금' '간장' '레몬' '와사비']
196,호박양파국,['호박' '양파' '두부' '소금' '홍고추' '된장' '국멸치' '대파']
197,상추채소무침,['상추' '들깻잎' '쑥갓' '케일' '깨소금' '설탕' '식초' '조림간장' '참기름' '고춧가루']
198,인절미,['찹쌀' '콩' '소금']
199,콩나물비빔밥,['밥' '보리' '콩나물' '소금' '당근' '다진쇠고기' '오이']
200,계란찜,['당근' '옥수수통조림' '다진파' '소금' '청정원맛선생' '설탕' '계란' '시금치' '물' '후춧가루']
201,치킨수프,['닭살' '닭육수' '죽순' '당근' '실파' '녹말' '표고버섯' '소금' '후춧가루' '참기름' '계란']
202,마늘빵,['바게트' '파슬리가루' '마늘' '버터']
203,감자수프,['감자' '양파' '대파' '버터' '후춧가루' '계란노른자' '생크림' '소금' '육수']
204,기스면,['닭다리' '대파' '생강' '맛술' '물' '후춧가루' '중국부추' '당근' '간장' '소금' '소면']
205,충무김밥,['김' '오징어' '무' '고춧가루' '설탕' '밥' '까나리액젓' '참기름' '깨소금' '다진파' '다진마늘' '식초']
206,고추부각,['고추' '찹쌀가루' '설탕' '소금' '식용유']
207,불고기찹쌀구이,['쇠고기' '찹쌀가루' '간장' '후춧가루' '설탕' '기름' '겨자' '식초' '참기름']
208,대구탕,['미림' '대구' '무' '콩나물' '홍고추' '후춧가루' '미나리' '팽이버섯' '고춧가루' '고추장' '소금' '청고추']
209,모듬채소볶음,['완두콩' '옥수수' '당근' '감자' '껍질콩' '참기름' '간장' '굴소스' '식용유' '소금' '후춧가루' '다진마늘']
210,오징어덮밥,['밥' '오징어' '양파' '피망' '실파' '식용유' '후춧가루' '고추장' '두반장' '설탕' '깨소금' '소금' '물']
211,홍합미역국,['미역' '홍합' '소금' '후춧가루' '간장' '물' '참기름']
212,양송이버섯죽,['찹쌀' '양송이버섯' '호박' '실파' '당근' '소금' '양파' '참기름' '물' '깨소금' '깻잎']
213,애호박무침,['청피망' '파' '다진마늘' '고춧가루' '간장' '홍피망' '애호박' '식용유' '참기름' '깨소금' '참기름' '새우젓국']
214,오징어도라지생채,['도라지' '오이' '오징어' '고추장' '고춧가루' '소금' '식초' '물엿' '참기름' '깨소금' '간장']
215,바지락칼국수,['칼국수' '바지락' '양파' '애호박' '후춧가루' '맛술' '청장' '소금' '다진마늘']
216,오징어채볶음,['오징어채' '고추장' '설탕' '참기름' '식용유' '물엿' '술']
217,김치볶음밥,['김치' '밥' '감자' '양파' '계란' '식용유' '소금' '후춧가루' '햄']
218,닭개장,"['닭봉' '도라지' '대파' '마늘' '생강' '고춧가루' '후춧가루' '다진마늘' '생강즙' '간장' '참기름' '소금'
 '고사리' '닭육수']"
219,버섯파스타,['파스타' '표고버섯' '느타리버섯' '양송이버섯' '올리브오일' '파' '화이트와인' '간장' '다진마늘']
220,볶음쌀국수,['설탕' '소금' '후춧가루' '쌀국수' '돼지고기' '간장' '청고추' '대파' '마늘' '생강' '굴소스' '숙주나물']
221,물만두,['돼지고기' '부추' '대파' '생강' '밀가루' '소금' '참기름' '후춧가루' '간장']
222,새송이산적,['쇠고기' '새송이버섯' '진간장' '설탕' '다진파' '소금' '깨소금' '후춧가루' '참기름' '잣가루' '다진마늘']
223,치킨버섯찜,"['닭안심' '표고버섯' '느타리버섯' '팽이버섯' '당근' '청고추' '계란노른자' '간장' '설탕' '청주' '소금' '후춧가루'
 '계란']"
224,냉고기쌈,['쇠고기' '무순' '양배추' '당근' '맛술' '물' '설탕' '고추냉이' '간장' '식초' '간장']
225,부추부침개,['밀가루' '찹쌀가루' '계란' '식용유' '부추' '청고추' '오징어' '물']
226,버섯청국장찌개,"['다진마늘' '쌀뜨물' '홍고추' '청국장' '팽이버섯' '청고추' '양송이버섯' '느타리버섯' '호박' '두부' '대파'
 '표고버섯']"
227,가지쇠고기볶음,['가지' '쇠고기' '청고추' '홍고추' '대파' '참기름' '간장' '청주' '소금' '설탕' '깨소금' '다진마늘']
228,바지락볶음,['바지락' '다진마늘' '대파' '식용유' '청고추' '두반장' '설탕' '마른고추']
229,류산슬,"['쇠고기' '녹말' '해삼' '표고버섯' '죽순' '부추' '완두콩' '대파' '마늘' '생강' '간장' '굴소스' '청주'
 '후춧가루' '참기름' '식용유' '물' '새우']"
230,고등어김치조림,['고등어' '배추김치' '물' '파' '설탕' '다진생강' '진간장' '고춧가루' '다진마늘']
231,라볶이,['라면' '떡' '어묵' '고춧가루' '마늘' '고추장' '설탕' '대파']
232,아욱국,['아욱' '쌀뜨물' '된장' '후춧가루' '멸치' '대파' '마늘' '모시조개']
233,비빔쌀국수,"['쌀국수' '다진파' '양파' '새우' '상추' '레몬' '육수' '간장' '식초' '설탕' '실파' '다진고추' '소금' '후추'
 '다진마늘' '쇠고기']"
234,된장깻잎장아찌,['깻잎' '소금' '된장']
235,쑥브리오슈,['강력분' '설탕' '소금' '쑥' '버터' '계란' '물' '이스트']
236,버섯잡채밥,"['밥' '참기름' '양파' '쇠고기' '느타리버섯' '팽이버섯' '목이버섯' '당근' '실파' '햇살담은간장' '소금' '후춧가루'
 '참기름' '깨소금' '간장' '설탕' '다진파' '다진마늘' '당면']"
237,다시마볶음,['다시마' '맛살' '당근' '청고추' '실파' '식용유' '생강즙' '청주' '소금' '후춧가루' '참기름' '마늘']
238,열무비빔밥,"['밥' '열무김치' '쇠고기' '간장' '설탕' '다진파' '열무김치' '참기름' '고추장' '설탕' '마늘' '참기름'
 '다진마늘']"
239,베이컨꼬치구이,['베이컨' '샐러리' '프랑크소시지' '게맛살' '팽이버섯' '레몬즙' '흰떡' '마요네즈' '머스터드' '간장' '피망']
240,닭갈비,['닭' '고구마' '양배추' '양파' '흰떡' '깻잎' '참기름' '고춧가루' '설탕' '간장' '깨소금' '생강즙' '고추장']
241,순대볶음,['순대' '양배추' '양파' '깻잎' '쫄면' '식용유' '간장' '설탕' '들깻가루' '다진마늘' '고춧가루']
242,치킨데리야끼,['닭' '파인애플' '브로콜리' '당근' '설탕' '청주' '숙주' '밥' '청피망' '계란' '간장' '참기름' '식용유' '물']
243,코다리조림,['코다리' '양파' '청고추' '간장' '설탕' '물' '다진마늘' '참기름' '후춧가루' '깨소금' '다진파']
244,감자그라탕,['감자' '양파' '소금' '크림수프' '모짜렐라치즈' '베이컨']
245,잔치국수,"['[멸치장국] 국멸치' '참기름' '당근' '채썬쇠고기' '계란' '소면' '소금' '후춧가루' '국간장' '간장' '고춧가루'
 '다진파' '참기름' '깨소금' '[불고기양념] 간장' '설탕' '호박']"
246,김치쌈밥,['밥' '소금' '참기름' '김칫잎' '다진파' '조미료' '설탕']
247,한국식타코샐러드,"['토마토' '식용유' '간장' '설탕' '조미술' '후춧가루' '양파' '케첩' '핫소스' '춘권피' '쇠고기' '깻잎' '무순'
 '토마토']"
248,간장떡볶이,"['가래떡' '다진마늘' '당근' '청피망' '채썬쇠고기' '간장' '설탕' '참기름' '후춧가루' '[쇠고기양념] 간장' '설탕'
 '참기름' '표고버섯' '후춧가루' '양파']"
249,치즈돈까스,['돼지고기' '모짜렐라치즈' '청피망' '밀가루' '계란' '빵가루' '소금' '생강즙']
250,김치꽁치조림,['꽁치통조림' '김치' '다진마늘' '다진대파' '물' '고춧가루' '간장' '설탕' '참기름']
251,옥수수볶음밥,['밥' '옥수수통조림' '피망' '후춧가루' '양파' '당근' '소금' '햄']
252,해물떡꼬치,"['오징어' '후춧가루' '가래떡' '피망' '고추장' '설탕' '식초' '케첩' '간장' '고춧가루' '다진마늘' '다진파'
 '핫소스' '참기름' '새우']"
253,브로콜리크림수프,['우유' '생크림' '소금' '밀가루' '브로콜리' '버터' '후춧가루']
254,연어양상추쌈,['양상추' '오이피클' '무순' '체리' '땅콩버터' '훈제연어']
255,두부알찜,['두부' '계란' '모시조개' '새우' '간장' '다시물' '은행' '조미술' '소금' '표고버섯']
256,상추겉절이비빔밥,"['밥' '다진마늘' '오이' '대파' '도라지' '고사리' '당근' '간장' '식초' '고춧가루' '설탕' '참기름' '소금'
 '다진파' '상추']"
257,오징어풋마늘산적,['풋마늘' '갑오징어' '간장' '다진파' '다진마늘' '꼬치' '깨소금' '생강즙' '밀가루' '물' '참기름']
258,돼지고기표고볶음,['돼지고기' '표고버섯' '양파' '피망' '청고추' '대파' '조미술' '생강' '녹말' '소금' '굴소스' '후춧가루' '마늘']
259,꽃만두국(완당국),"['밀가루' '식용유' '녹말' '간장' '다진파' '다진마늘' '후춧가루' '참기름' '소금' '육수' '팽이버섯' '쑥갓'
 '쇠고기' '배추' '부추' '물']"
260,아스파라거스새우볶음,['아스파라거스' '새우' '샐러리' '참기름' '소금' '후춧가루' '미림']
261,치킨롤,['닭' '당근' '완두콩통조림' '옥수수통조림' '설탕' '버터' '토마토케첩' '우스터소스' '식용유']
262,해파리해물냉채,"['해파리' '참기름' '쭈꾸미' '오이' '당근' '홍피망' '계란' '겨자' '머스터드' '마늘' '식초' '설탕' '간장'
 '소금' '새우']"
263,호박두부찌개,['호박' '두부' '새우젓' '파' '참기름' '다진마늘' '물' '식용유' '소금' '청고추']
264,김치두부쌈,['신김치' '두부' '돼지고기' '소금' '깻잎' '대파' '생강' '청고추']
265,닭고기콩나물덮밥,['후춧가루' '고춧가루' '파' '육수' '밥' '닭' '소금' '오이' '김치' '마늘' '다진마늘' '실파' '콩나물']
266,오징어통구이,"['오징어' '마늘' '대파' '고추장' '고춧가루' '간장' '물엿' '양파즙' '생강즙' '다진파' '다진마늘' '깨소금'
 '후춧가루' '참기름']"
267,참나물고추장무침,['참나물' '고추장' '참기름' '다진파' '깨소금' '다진마늘']
268,숙주미나리무침,['숙주' '미나리' '다진파' '참기름' '깨소금' '실고추' '다진마늘']
269,두릅된장무침,['두릅' '된장' '다진파' '다진마늘' '설탕' '참기름' '실고추' '소금' '깨소금']
270,달래장김치,['달래' '마늘' '생강' '통깨' '진간장' '설탕' '고춧가루']
271,달래굴파전,['달래' '굴' '청고추' '홍고추' '밀가루' '실파' '물' '간장' '식초' '다진마늘' '깨소금' '계란']
272,고들빼기김치,['깨소금' '다진마늘' '다진생강' '고들빼기' '실파' '대추' '갓' '고춧가루' '멸치액젓' '설탕' '밤' '고추']
273,삼색수제비,"['밀가루' '시금치즙' '당근즙' '김' '멸치' '다시마' '청정원맛선생' '호박' '양파' '대파' '다진마늘' '소금'
 '진간장' '감자']"
274,유부미역된장국,['불린미역' '유부' '두부' '실파' '물' '된장' '미림' '다시마' '멸치']
275,참치주먹밥,"['참치' '랩' '계란노른자' '파슬리' '당근' '김' '게맛살' '오이' '밥' '맛소금' '단무지' '매실장아찌' '깨소금'
 '후춧가루' '실파']"
276,약과,['밀가루' '참기름' '소금' '조청' '물' '청주' '설탕' '검은깨' '생강즙']
277,두부채소냉채,['소금' '땅콩가루' '식초' '간장' '겨자' '황설탕' '오이' '참기름' '두부' '쇠고기' '양배추' '당근' '소금']
278,떡잡채,['가래떡' '쇠고기' '신김치' '양파' '통깨' '당근' '참기름' '깨소금' '소금' '피망']
279,사색나물,"['콩나물' '도라지' '시금치' '고사리' '간장' '다진파' '물' '식용유' '깨소금' '참기름' '소금' '들깻가루'
 '다진마늘']"
280,영양채소밥,['쌀' '밤' '고구마' '은행' '대추' '깨소금' '참기름' '간장' '다시물' '다진파' '다진마늘' '다시물']
281,닭다리굴소스볶음,"['닭다리' '토마토케첩' '간장' '녹말' '식용유' '마른고추' '마늘' '생강' '실파' '굴소스' '간장' '식초' '맛술'
 '설탕' '오이']"
282,어묵꼬치,['어묵' '계란' '멸치' '다시마' '무' '청주' '물' '겨자가루' '소금' '간장']
283,콩나물버섯덮밥,"['밥' '피쉬소스' '쇠고기' '양파' '느타리버섯' '당근' '멸칫국물' '간장' '실파' '다진마늘' '녹말' '깨소금'
 '참기름' '소금' '후춧가루' '콩나물']"
284,오징어탕수,"['오징어' '참기름' '녹말' '밀가루' '물' '소금' '옥수수' '완두콩' '당근' '양파' '표고버섯' '육수' '설탕'
 '식초' '간장' '조미술' '계란']"
285,채소비빔소면,['소면' '김치' '오이' '양배추' '깻잎' '사이다' '상추' '고추장' '식초' '설탕' '청고추']
286,김치피자,['바게트' '모짜렐라치즈' '신김치' '베이컨' '당근' '식용유' '양송이' '파슬리가루' '소금' '후춧가루' '피망']
287,별미밥,"['간장' '다진파' '고춧가루' '다진마늘' '깨소금' '참기름' '유부' '후춧가루' '쇠고기' '콩나물' '미나리' '당근'
 '밥']"
288,잔멸치된장볶음,['잔멸치' '다진마늘' '된장' '맛술' '밥' '설탕' '식용유' '상추' '깨소금' '간장']
289,불고기낙지전골,"['쇠고기' '참기름' '표고버섯' '무' '팽이버섯' '미나리' '대파' '홍고추' '양파' '물' '소금' '다진파' '간장'
 '다진마늘' '설탕' '깨소금' '낙지']"
290,단팥죽,['팥' '설탕' '대추' '인절미' '소금' '물']
291,찬밥전,['찬밥' '참치' '양파' '당근' '실파' '후춧가루' '계란' '밀가루' '식용유' '소금' '청고추']
292,사골우거지탕,['사골' '쇠고기' '우거지' '고춧가루' '홍고추' '된장' '다진마늘' '대파']
293,배추밤김치,"['배추' '물' '갓' '미나리' '실파' '배' '고추가루' '액체육젓' '마늘' '생강' '설탕' '소금' '통깨'
 '[절임용 소금물] 소금' '밤']"
294,제육불고기,"['돼지고기' '식초' '고춧가루' '간장' '맛술' '생강즙' '설탕' '다진마늘' '다진파' '깨소금' '후춧가루' '참기름'
 '된장' '고추장' '다진마늘' '다진파' '고추장']"
295,떡볶이,['가래떡' '양파' '대파' '피망' '비엔나소시지' '고추장' '간장' '물' '설탕' '물엿']
296,돼지갈비찜,"['다진파' '맛술' '후춧가루' '참기름' '깨소금' '식용유' '감자' '당근' '무' '고춧가루' '고추장' '갈비' '양파'
 '생강즙' '홍고추' '간장' '설탕' '다진마늘']"
297,홍합탕,['홍합' '대파' '홍고추' '물' '다진마늘' '소금' '실파']
298,김치주먹밥,"['김치' '참기름' '다진쇠고기' '오이' '당근' '단무지' '미나리' '새우' '청주' '간장' '설탕' '다진마늘' '다진파'
 '후춧가루' '밥']"
299,버섯두부찌개,"['두부' '참기름' '느타리버섯' '표고버섯' '팽이버섯' '김치' '양파' '청고추' '대파' '고춧가루' '간장' '다진양파'
 '다진파' '다진마늘' '물' '깨소금' '후춧가루' '돼지고기']"
300,두부굴찌개,['두부' '굴' '양송이버섯' '마늘' '새우젓' '청고추' '홍고추' '소금' '실파']
301,생태매운탕,"['멸치다시물' '대파' '후춧가루' '진간장' '고춧가루' '다진마늘' '양파즙' '무즙' '생태' '바지락' '무' '호박'
 '두부' '팽이버섯' '미나리' '청고추' '홍고추' '소금']"
302,고춧기름,['식용유' '마른고추' '파' '고춧가루' '다진마늘' '생강']
303,닭고기카레튀김,"['닭' '콘플레이크' '카레가루' '계란' '소금' '후춧가루' '올리브오일' '다진마늘' '다진양파' '토마토케첩' '간장'
 '식초' '고춧가루']"
304,가지된장찜,"['가지' '고춧가루' '밀가루' '다진파' '다진마늘' '소금' '후춧가루' '참기름' '물' '멸치' '양파' '청고추'
 '홍고추' '된장' '돼지고기']"
305,홍차계란장조림,['홍차티백' '물' '계란' '양파' '물엿' '간장' '소금' '설탕' '마늘']
306,두부카나페,['두부' '치즈' '방울토마토' '식용유' '치커리' '마요네즈' '소금' '토마토케첩']
307,두부스테이크,['소금' '후춧가루' '두부' '다진쇠고기' '파슬리']
308,해물밥전,"['밥' '다진마늘' '오징어' '양파' '당근' '실파' '계란' '밀가루' '소금' '후춧가루' '깨소금' '참기름' '간장'
 '식초' '다진파' '새우']"
309,버섯만두전골,"['만두피' '후춧가루' '두부' '숙주' '김치' '양파' '미나리' '느타리버섯' '표고버섯' '대파' '육수' '고춧가루'
 '진간장' '다진파' '다진마늘' '생강' '돼기고기']"
310,생선초밥,"['참치' '물' '광어' '피조개' '갑오징어' '계란' '청어알' '연어알' '무순' '전복' '김' '생강' '초밥' '와사비'
 '새우']"
311,코다리찜,['코다리' '실파' '고추장' '간장' '후춧가루' '다진파' '다진마늘' '다진생강' '참기름' '설탕']
312,제육배추찜,"['소금' '참기름' '홍고추' '표고버섯' '돼지고기' '부추' '양파' '당근' '배춧잎' '간장' '양파즙' '다진파'
 '다진마늘' '생강즙' '후춧가루' '깨소금' '청고추']"
313,짬뽕해물탕밥,"['밥' '참기름' '오징어' '조개살' '홍합' '양파' '당근' '호박' '대파' '목이버섯' '고추가루' '간장' '다진마늘'
 '생강' '소금' '후춧가루' '돼기고기']"
314,오징어숙회,['오징어' '고추장' '깨소금' '설탕' '식초']
315,오곡밥쌈밥정식,"['오곡곡물' '상추' '깻잎' '치커리' '참기름' '된장' '깨소금' '양파' '청고추' '홍고추' '대파' '마늘' '멸치'
 '고추장']"
316,김치수제비,"['청고추' '양파' '멸치' '다시마' '다진마늘' '밀가루' '계란' '식용유' '물' '소금' '간장' '다진파' '깨소금'
 '고춧가루' '참기름' '김치' '감자' '대파']"
317,감자국수,['감자' '밀가루' '계란노른자' '사우어크라우트' '소금' '버터' '넛맥' '양파' '베이컨' '파슬리' '후춧가루']
318,사골탕,['사골' '쇠고기' '물' '무' '대파' '다진마늘' '생강' '후춧가루' '소금' '진간장' '다진파' '마늘']
319,"잼(사과, 딸기, 포도)",['포도' '딸기' '사과' '설탕']
320,두부오믈렛,['계란' '두부' '청피망' '당근' '후춧가루' '홍피망' '소금' '토마토케첩' '우유']
321,오징어산적,['갑오징어' '피망' '고추장' '설탕' '참기름' '다진파' '생강즙' '꼬치' '깨소금' '다진마늘']
322,갈비떡볶이,['쇠고기' '가래떡' '꽃상추' '피망' '간장' '참기름' '다진파' '다진마늘' '후춧가루' '깨소금' '설탕']
323,삼겹살치즈구이,"['후춧가루' '토마토케첩' '맛술' '고추장' '돼지고기' '마늘' '모짜렐라치즈' '양파' '표고버섯' '피망' '올리브오일'
 '소금']"
324,녹차수제비,"['밀가루' '육수' '소금' '물' '간장' '고춧가루' '깨소금' '참기름' '다진홍고추' '다진풋고추' '다진마늘' '다진파'
 '후춧가루' '감자' '호박' '소금' '녹차분말']"
325,닭꼬치구이,['닭' '계란' '대파' '홍고추' '간장' '참기름' '꼬치' '생강즙' '청주' '다시물' '설탕']
326,우유두부,['우유' '식초' '간장' '다진양파' '참기름' '다진홍고추' '다진청고추']
327,삼겹살깻잎전,['돼지고기' '깻잎' '소금' '식용유' '밀가루' '계란' '후춧가루' '생강즙']
328,초교탕,['닭' '대파' '마늘' '생강' '물' '도라지' '참기름' '미나리' '밀가루' '계란' '쇠고기' '소금' '말린표고버섯']
329,양상추튀김,"['양상추' '물' '부추' '고구마' '찹쌀가루' '밀가루' '얼음물' '계란' '다진마늘' '설탕' '간장' '참기름'
 '후춧가루' '식용유' '고추장' '토마토케첩' '물엿' '말린표고버섯']"
330,해물전골,"['게' '고춧가루' '오징어' '모시조개' '양파' '풋고추' '홍고추' '미나리' '쑥갓' '무' '다진마늘' '대파' '생강즙'
 '소금' '대하']"
331,고추장스파게티,"['스파게티' '설탕' '양송이버섯' '소금' '식용유' '흰후춧가루' '고추장' '양파' '호두' '물' '토마토케첩' '식용유'
 '다진마늘' '김치' '호박']"
332,육개장,"['양' '곱창' '고사리' '대파' '소금' '물' '쇠고기' '고춧가루' '진간장' '다진마늘' '참기름' '깨소금' '후춧가루'
 '고추장']"
333,명란젓찌개,['마늘' '무' '물' '홍고추' '소금' '명란' '두부' '생강즙' '대파' '진간장']
334,쇠고기무국,['쇠고기' '무' '물' '대파' '마늘' '실파' '소금' '진간장' '다진파' '다진마늘' '참기름' '후춧가루' '국간장']
335,김치어묵,['생선살' '새우살' '김치' '풋고추' '홍고추' '식용유' '밀가루' '녹말' '소금' '후춧가루' '깻잎' '계란']
336,잣죽,['불린쌀' '잣' '소금' '대추' '물']
337,새우만두,['통후추' '생새우' '콘프레이크' '계란흰자' '생크림' '당근' '호박' '죽순' '만두피' '소금']
338,왜된장국,['왜된장' '맛국물' '실파' '미역' '두부']
339,조개맑은국,['모시조개' '죽순' '소금' '레몬' '대파']
340,어묵국,['어묵' '대파' '홍고추' '청주' '다시물' '간장' '맛술' '소금']
341,계란말이주먹밥,['밥' '계란' '말린 표고버섯' '당근' '미나리' '다시마' '식용유' '오이' '식초' '설탕' '소금' '소금']
342,찰밥주먹밥,['찹쌀' '멥쌀' '팥' '대추' '소금' '밤' '팥삶은물']
343,김치채소쌈,"['김치잎' '깨소금' '양배추' '근대잎' '밥' '쇠고기' '소금' '후춧가루' '식용유' '간장' '다진파' '설탕' '마늘'
 '참기름' '깻잎']"
344,시금치된장국,['시금치' '말린새우' '소금' '된장' '다진마늘' '물']
345,영양돌솥밥,['멥쌀' '찹쌀' '밤' '물' '대추' '잣' '송이버섯' '은행']
346,오이피클,"['오이' '양파' '홍고추' '정향' '통후추' '월계수잎' '통계피' '통생강' '소금' '물' '식초' '설탕' '당근'
 '[절임용 소금물] 소금' '물']"
347,오징어찌개,['오징어' '쇠고기' '풋고추' '홍고추' '대파' '참기름' '간장' '후춧가루' '고추장' '고춧가루' '마늘' '물']
348,양배춧국,['양배추' '모시조개' '된장' '멸치' '실파' '물' '다시마' '다진마늘']
349,찬밥맛탕,['찬밥' '옥수수' '소금' '식용유' '녹말가루' '물' '설탕' '계란']
350,김치동그랑땡,['피망' '계란' '다진마늘' '밀가루' '소금' '당근' '참빛고운포도씨유' '김치' '감자' '두부' '후춧가루']
351,봄동바지락볶음,['봄동' '바지락' '홍고추' '실파' '식용유' '후춧가루' '청주' '물' '굴소스' '소금' '다진마늘']
352,닭고기명란튀김,"['닭고기' '명란젓' '마요네즈' '김' '계란' '당근' '식용유' '소금' '후춧가루' '녹말가루' '밀가루' '빵가루'
 '대파']"
353,쑥버섯볶음,['쑥' '표고버섯' '양송이' '다진마늘' '느타리버섯' '설탕' '소금' '후춧가루' '식용유' '간장']
354,달래된장찌개,['달래' '두부' '말린표고버섯' '홍고추' '청양고추' '바지락' '대파' '된장' '육수용멸치' '물' '다진마늘']
355,모듬쌈밥,"['치커리' '케일' '겨자잎' '참기름' '밥' '소금' '흑임자' '건새우가루' '된장' '고추장' '청고추' '홍고추' '설탕'
 '참기름' '다진마늘' '청경채']"
356,콩나물무밥,['쌀' '물' '콩나물' '돼지고기' '참기름' '다진풋고추' '취나물' '진간장' '다진파' '다진마늘' '깨소금' '무']
357,찰밥,['찹쌀' '팥' '소금' '밤' '대추']
358,맑은떡국,['떡국떡' '다시마' '다진마늘' '물' '계란' '소금' '대파' '말린표고버섯' '간장']
359,해물잡채,"['오징어' '당근' '새우' '조개살' '양파' '청피망' '홍피망' '당면' '간장' '설탕' '참기름' '식용유' '소금'
 '굴소스' '낙지']"
360,쇠고기완자찜,"['다진쇠고기' '참기름' '무' '당근' '밤' '소금' '후춧가루' '깨소금' '참기름' '물' '간장' '설탕' '다진파'
 '다진마늘' '깨소금' '두부']"
361,두부탕,['물' '다시마' '무' '국간장' '소금' '실파' '두부' '다진쇠고기' '소금' '후춧가루' '후춧가루']
362,팥시루떡,['찹쌀' '멥쌀' '밀가루' '팥' '소금' '물']
363,깐풍기,"['닭고기' '물' '후춧가루' '정종' '감자전분' '계란' '대파' '홍고추' '청고추' '생강' '마늘' '간장' '설탕'
 '식초' '소금']"
364,수정과,['생강' '통계피' '물' '잣' '곶감' '호두' '황설탕']
365,절편,['멥쌀' '참기름' '쑥' '소금']
366,떡국,"['가래떡' '쇠고기 육수' '대파' '쇠고기' '계란' '소금' '후춧가루' '설탕' '다진파' '다진마늘' '깨소금' '참기름'
 '간장']"
367,어묵닭고기조림,['어묵' '닭고기' '표고버섯' '오이' '물' '후춧가루' '녹말' '간장' '청주' '소금']
368,고구마줄기볶음,['참기름' '깨소금' '설탕' '소금' '다진마늘' '들기름' '국간장' '다진파' '고구마줄기']
369,팥타르트,['밀가루' '버터' '물' '삶은팥' '소금' '슈가파우더' '설탕' '계란' '아몬드가루']
370,동지팥죽,['팥' '쌀' '물' '찬물' '찹쌀' '쌀가루' '소금']
371,찬밥지짐이,['찬밥' '양파' '당근' '실파' '식용유' '계란' '소금' '후춧가루' '날콩가루' '두부']
372,가래떡꼬치,['가래떡' '고추장' '간장' '다진마늘' '토마토케첩' '브로콜리' '참기름' '적파프리카' '꼬치' '황파프리카' '설탕']
373,누룽지탕,"['누룽지' '물' '죽순' '새우' '완두콩' '홍고추' '마늘' '소금' '식용유' '새우' '설탕' '간장' '식초' '녹말'
 '표고버섯']"
374,오징어순대,"['간장' '후춧가루' '깨소금' '통깨' '깻잎' '다진파슬리' '샐러리' '오징어' '쇠고기' '표고버섯' '당근' '두부'
 '당면' '피망' '양상추' '설탕' '다진파' '다진마늘' '참기름' '식초']"
375,닭날개튀김,['닭' '식용유' '간장' '청주' '식용유' '소금' '생강즙' '다진파' '후춧가루' '녹말가루' '튀김가루' '다진마늘']
376,김치채소볶음,"['배추김치' '식용유' '죽순' '양송이버섯' '피망' '마른고추' '대파' '마늘' '생강' '청주' '소금' '후추' '참기름'
 '간장' '돼지고기']"
377,쌈장,['고추장' '양파' '마늘' '된장' '고춧가루' '참기름' '파']
378,잡채,"['느타리버섯' '쇠고기' '배' '오이' '당근' '소금' '후춧가루' '참기름' '통깨' '간장' '꿀' '[쇠고기양념] 다진파'
 '다진마늘' '참기름' '식용유' '설탕' '간장' '당면' '양파']"
379,고등어무조림,"['고등어' '무' '대파' '간장' '고추장' '고춧가루' '물' '청주' '다진파' '다진마늘' '생강즙' '후춧가루' '실고추'
 '설탕']"
380,쇠고기전골,"['쇠고기' '후춧가루' '팽이버섯' '실파' '홍고추' '물' '국간장' '소금' '간장' '설탕' '다진파' '다진마늘'
 '참기름' '깨소금' '목이버섯']"
381,토란곰탕,['토란' '쇠고기' '다시마' '무' '소금' '국간장' '다진마늘' '후춧가루' '참기름' '대파']
382,화양적,"['쇠고기(힘줄없는부위)' '표고버섯' '도라지' '당근' '오이' '식용유/소금/참기름/잣가루' '후추' '설탕' '다진파'
 '다진마늘' '깨소금' '참기름' '진간장']"
383,빈대떡,"['석이버섯' '느타리버섯' '실고추' '간장' '다진파' '다진마늘' '참기름' '깨소금' '후춧가루' '포도씨유' '녹두' '물'
 '소금' '돼지고기' '숙주' '대파']"
384,송편,['멥쌀' '소금' '쑥' '대추' '솔잎' '참기름' '계핏가루' '소금' '깨' '녹두' '꿀' '설탕' '물' '풋콩']
385,배추속댓국,"['배추' '무' '쇠고기' '물' '대파' '식용유' '후춧가루' '된장' '소금' '다진파' '다진마늘' '참기름' '깨소금'
 '고추장']"
386,삼겹살채소말이,['돼지고기' '소금' '생강즙' '붉은 고추' '꼬치' '찹쌀가루' '후추' '식용유' '무순']
387,오렌지건포도빵,"['강력분' '드라이이스트' '설탕' '소금' '계란' '검은깨' '버터' '오렌지마멀레이드' '건포도' '계란노른자' '우유'
 '우유']"
388,아귀찜,"['깻잎' '찹쌀가루' '참기름' '통후추' '소금' '고춧가루' '대파' '진간장' '설탕' '아귀' '미더덕' '콩나물'
 '미나리' '고추장']"
389,곱창전골,"['곱창' '밀가루' '대파' '마늘' '생강' '물' '당근' '양배추' '양파' '표고버섯' '미나리' '우동면' '쑥갓'
 '소금' '후추' '고춧가루' '고추장' '간장' '다진파' '양']"
390,부대찌개,"['햄' '다진마늘' '베이컨' '김치' '두부' '홍고추' '청고추' '깻잎' '스파게티' '쑥갓' '양송이버섯' '물'
 '고춧가루' '고추장' '설탕' '다진파' '프랑크소시지']"
391,채소수프,['감자' '당근' '양파' '샐러리' '양송이버섯' '후춧가루' '물' '월계수잎' '버터' '소금' '홀토마토']
392,시금치샐러드,['시금치' '양송이버섯' '베이컨' '파마산치즈치즈' '후춧가루' '레몬주스' '올리브오일' '소금' '레몬드레싱']
393,연어샐러드,['다진양파' '올리브오일' '훈제연어' '케이퍼' '트레비스' '양파' '앤다이브']
394,과일샐러드,['사과' '자몽' '오렌지마요네즈' '오이' '딸기' '샐러리']
395,컬리플라워해물샐러드,['컬리플라워' '오징어' '소금' '마요네즈' '머스터드' '새우']
396,닭고기수삼샐러드,"['양상추' '소금' '수삼' '배' '밤' '대추' '오이' '머스터드' '마요네즈' '설탕' '후춧가루' '레몬즙' '설탕'
 '요리술' '닭고기']"
397,버섯덮밥,"['밥' '다진마늘' '느타리버섯' '표고버섯' '양송이버섯' '목이버섯' '팽이버섯' '양파' '당근' '미나리' '간장' '들깨'
 '육수' '녹말' '참기름' '후춧가루' '간장' '설탕' '청주' '쇠고기']"
398,떡갈비샌드위치,['식빵' '쇠고기' '양상추' '토마토' '후춧가루' '슬라이스치즈' '버터' '겨자' '소금' '피클']
399,속채운감자,['후루츠칵테일' '은박컵' '감자' '파슬리가루' '우유' '설탕' '계핏가루' '버터']
400,유부계란찜,['유부' '계란' '물' '간장' '맛살' '설탕' '소금' '후춧가루' '실파' '소금']
401,주먹밥,"['밥' '청피망' '당근' '식용유' '소금' '간장' '설탕' '다진파' '다진마늘' '참기름' '후춧가루' '상추' '깨소금'
 '파슬리' '토마토' '쇠고기']"
402,삼계탕,['닭고기' '찹쌀' '마늘' '대추' '후춧가루' '대파' '생강' '물' '소금' '수삼']
403,까르보나라스파게티,['스파게티' '생크림' '햄' '베이컨' '바질' '후춧가루' '화이트와인' '버터' '소금' '우유' '양파']
404,육회,['배' '잣가루' '오이' '잣' '상추' '쇠고기' '참기름' '깨소금' '후춧가루' '설탕' '계란노른자' '간장']
405,두부양념조림,['두부' '홍고추' '간장' '설탕' '실고추' '후춧가루' '통깨' '참기름' '물엿']
406,골뱅이무침,"['골뱅이통조림' '소면' '대파' '양파' '당근' '샐러리' '고추장' '고춧가루' '식초' '진간장' '설탕' '깨소금'
 '참기름' '다진마늘' '오이']"
407,떡갈비구이,['쇠고기' '양파' '다진파' '다진마늘' '밀가루' '설탕' '깨소금' '참기름' '후춧가루' '간장']
408,채소말이샤브샤브,['쇠고기' '팽이버섯' '당근' '부추' '육수' '물' '맛술' '술' '깨소금' '된장' '설탕' '간장' '다시마']
409,가지와마른새우무침,['가지' '마른새우' '식용유' '진간장' '소금' '다진마늘' '참기름' '깨소금' '다진파']
410,고등어살튀김과소스,['식용유' '간장' '설탕' '미림' '마른고추' '녹말' '물' '고등어' '소금' '청주' '생강']
411,묵과양념장,['도토리묵' '청포묵' '오이' '게맛살' '깨소금' '설탕' '식초' '홍고추' '참기름' '간장']
412,가는파잡채,['가는파' '양파' '돼지고기' '청주' '간장' '생강' '참기름' '마늘' '생강' '식용유' '후춧가루' '소금' '굵은파']
413,감자고추채볶음,['감자' '청고추' '홍고추' '식용유' '흰후춧가루' '참기름' '설탕' '소금' '간장']
414,꽁치간장구이,['꽁치' '소금' '실파' '생강' '설탕' '청주' '물' '간장']
415,국수계란말이,['계란' '국수' '새우' '게맛살' '치커리' '소금' '다시물' '간장' '맛술' '와사비' '무' '미나리']
416,해장라면,"['당근' '햄' '게맛살' '다진마늘' '대파' '고춧가루' '홍고추' '깨소금' '라면' '배추김치' '표고버섯' '콩나물'
 '청고추' '참기름']"
417,중국식볶음밥,['밥' '계란' '돼지고기' '당근' '식용유' '표고버섯' '대파' '소금' '후춧가루' '양파']
418,두부미역냉채,['두부' '미역' '양파' '통깨' '간장' '참기름' '설탕' '홍고추']
419,롤케비지(양배추말이),['양배추' '쇠고기' '돼지고기' '양파' '당근' '간장' '소금' '후춧가루' '넛맥' '빵가루' '물' '계란']
420,오믈렛,['계란' '우유' '소금' '토마토케첩' '식용유' '버터' '후춧가루']
421,두부김치,['두부' '배추김치' '다진파' '소금' '깻잎' '깨소금' '참기름' '다진마늘']
422,낙지볶음,"['소금' '양파' '호박' '대파' '청고추' '홍고추' '낙지' '고춧가루' '간장' '참기름' '생강즙' '설탕' '깨소금'
 '고추장']"
423,김치적,['김치' '쇠고기' '표고버섯' '통도라지' '소금' '계란' '식용유' '참기름' '밀가루']
424,꽁치무조림,['꽁치' '무' '진간장' '생강즙' '식용유' '다진마늘' '고춧가루' '물' '다진파']
425,모듬초밥,['쌀' '식초' '설탕' '소금' '고추냉이' '오징어' '문어' '새우' '참치']
426,돼지갈비구이,['돼지갈비' '생강즙' '술' '진간장' '다진파' '깻잎' '고춧가루' '설탕' '깨소금' '상추' '다진마늘']
427,부추전,['부추' '청고추' '소금' '밀가루' '계란' '홍고추']
428,불고기,['쇠고기' '진간장' '배즙' '설탕' '참기름' '다진마늘' '깨소금' '후춧가루' '다진파']
429,콩국계란찜,['메주콩' '계란' '칵테일새우' '장식용어묵' '잣' '소금' '새우젓' '실파' '통깨' '은행']
430,탕수육,"['물' '물' '간장' '당근' '설탕' '식용유' '죽순' '계란흰자' '표고버섯' '돼지고기' '녹말' '청피망' '식초'
 '녹말가루' '홍피망']"
431,호박전,['애호박' '소금' '밀가루' '식용유' '진간장' '식초' '쑥갓' '계란']
432,죽순볶음,['죽순' '쇠고기' '술' '간장' '녹말' '마늘종' '후춧가루' '식용유' '참기름' '다진마늘' '생강즙' '소금']
433,마른오징어조림,['마른오징어' '물' '참기름' '청고추' '후춧가루' '설탕' '다진마늘' '깨소금' '다진파' '진간장']
434,감자조림,['감자' '멸치' '꽈리고추' '깨소금' '진간장' '물엿' '청주' '식용유']
435,더덕구이,['더덕' '간장' '참기름' '고추장' '물' '설탕' '고춧가루' '다진파' '다진마늘' '깨소금' '설탕']
436,배추겉절이,['배추' '소금' '다진파' '다진마늘' '다진생강' '참기름' '진간장' '새우젓' '설탕' '통깨' '고춧가루']
437,닭강정,['닭' '진간장' '마늘' '후춧가루' '깨소금' '고추장' '물엿' '술' '녹말']
438,계란말이,['계란' '다진파' '다진마늘' '다시마' '후춧가루' '물' '식용유' '소금']
439,냉이된장찌개,['냉이' '모시조개' '된장' '소금' '대파' '마늘' '물' '다시마']
440,오이나물,['오이' '소금' '다진파' '실고추' '깨소금' '참기름' '다진마늘']
441,해물파전,['실파' '굴' '홍합' '조갯살' '멥쌀' '계란' '식용유' '소금' '밀가루']
442,연근조림,['연근' '식용유' '통깨' '물' '설탕' '청주' '진간장']
443,쇠고기장조림,['쇠고기' '대파' '마늘' '생강' '참기름' '계란' '홍고추' '진간장' '설탕' '물']
444,콩자반,['콩' '설탕' '참기름' '깨소금' '물' '간장']
445,오이지장아찌무침,['오이' '고추장' '홍고추' '실파' '설탕' '고춧가루' '참기름' '깨소금' '다진마늘']
446,백김치,"['실고추' '미나리' '[절임용소금물] 소금' '물' '말린표고버섯' '통생강' '[국물용 소금물] 소금' '물' '배추' '무'
 '밤' '배' '대추' '다진마늘' '석이버섯' '대파' '잣']"
447,파김치,['실파' '까나리액젓' '다진마늘' '깨소금' '고춧가루' '설탕' '소금' '다진생강']
448,부추김치,['부추' '다진마늘' '생강' '소금' '멸치젓' '고춧가루' '설탕' '홍고추']
449,갈비탕,['쇠고기' '무' '물' '후추' '다진파' '다진마늘' '참기름' '국간장']
450,꼬리곰탕,['쇠고기' '무' '당면' '대파' '통마늘' '후추' '국간장' '다진파' '청주' '참기름' '소금']
451,도가니탕,['도가니' '쇠고기' '물' '생강' '소금' '파' '후추' '고추가루' '다진마늘' '진간장' '생강' '소금' '다진파']
452,설렁탕,['양지머리' '파' '마늘' '밀국수' '도가니' '후추' '물' '소 잡뼈' '사골' '소금']
453,곰탕,['쇠고기' '양' '무' '대파' '마늘' '국간장' '참기름' '후추' '국수' '다진파' '다진마늘' '진간장' '소금']
454,콩나물국밥,['밥' '콩나물' '김치' '다진마늘' '실파' '새우젓' '청고추' '깨소금' '김' '계란' '쇠고기육수' '장조림']
455,선지국,['선지' '우거지' '콩나물' '된장' '고추장' '참기름' '진간장' '고춧가루' '다진마늘' '다진파' '깨소금' '다진마늘']
456,낙지전골,"['낙지' '소금' '쇠고기' '두부' '실파' '표고버섯' '홍고추' '쑥갓' '계란' '밀가루' '소금' '식용유' '물'
 '간장' '다진파' '다진마늘' '깨소금' '참기름' '설탕' '새우']"
457,국수전골,"['진간장' '다진마늘' '후춧가루' '식용유' '국수' '쇠고기' '고춧가루' '애호박' '느타리버섯' '양파' '대파' '물'
 '소금' '배추']"
458,우거지된장찌개,['우거지' '배춧잎' '된장' '마늘' '생강' '간장' '쇠고기' '청고추' '홍고추' '대파' '쌀뜨물' '식용유']
459,알탕,"['명란' '깨소금' '무' '콩나물' '대파' '홍고추' '쑥갓' '물' '간장' '다진파' '다진마늘' '청주' '소금'
 '후춧가루' '고춧가루' '[쇠고기양념] 간장' '설탕' '다진마늘' '다진파' '쇠고기']"
460,조기매운탕,['물' '소금' '조기' '무' '고추가루' '대파' '마늘' '생강' '간장' '양파']
461,아구탕,"['아구' '콩나물' '고사리' '미나리' '싸리버섯' '깻잎' '물' '홍고추' '대파' '된장' '다진마늘' '고춧가루'
 '후춧가루' '청고추']"
462,감자탕,['돼지고기' '감자' '대파' '물' '마늘' '청정원맛선생' '간장' '고춧가루' '술' '소금' '후춧가루' '생강']
463,꽃게찌개,"['꽃게' '애호박' '무' '느타리버섯' '청고추' '홍고추' '후춧가루' '고추장' '고춧가루' '다진마늘' '다진생강'
 '국간장' '소금' '대파']"
464,갓김치,['갓' '무' '소금' '실파' '고춧가루' '물' '생강' '멸치젓' '깨소금' '밀가루' '마늘']
465,동치미,['실파' '마늘' '대파' '배주머니' '갓' '무' '고추' '소금' '물']
466,굴깍두기,['무' '굴' '소금' '고춧가루' '미나리' '설탕' '갓' '마늘' '새우젓' '소금' '실파']
467,총각김치,"['총각무' '소금' '대파' '고추가루' '다진마늘' '다진생강' '소금' '새우젓' '설탕' '찹쌀가루' '물'
 '[절임용 소금물] 물' '멸치젓']"
468,나박김치,['배추' '미나리' '홍고추' '생강' '물' '대파' '마늘' '소금' '고춧가루' '무']
469,오이소박이,"['오이' '소금' '고춧가루' '부추' '다진파' '물' '다진생강' '설탕' '진간장' '청주' '[절임용 소금물] 소금'
 '다진마늘']"
470,열무김치,['열무' '풋배추' '소금' '실파' '밀가루' '홍고추' '마늘' '생강' '물' '청고추']
471,통배추김치,"['멸치젓' '생강' '깨소금' '소금' '배추' '소금' '고춧가루' '물' '무' '갓' '미나리' '실파' '배' '대파'
 '마늘' '설탕']"
472,해파리냉채,['해파리' '게맛살' '오이' '토마토' '다진마늘' '참기름' '육수' '설탕' '간장' '소금' '식초']
473,오색주먹밥도시락,"['쌀' '고춧가루' '청주' '소금' '식초' '설탕' '다진쇠고기' '표고버섯' '멸치' '단무지' '간장' '물엿' '김치'
 '후춧가루' '깨소금' '참기름' '다시마']"
474,유부초밥,['유부' '우엉' '쇠고기' '당근' '후춧가루' '간장' '청주' '설탕' '밥']
475,북어국,['통북어' '콩나물' '두부' '계란' '대파' '홍고추' '소금' '후춧가루' '참기름' '물' '다진마늘']
476,콩비지찌개,['간장' '고춧가루' '참기름' '깨소금' '흰콩' '소금' '돼지고기' '배춧잎' '다진파' '다진마늘' '식용유' '물']
477,김치찌개,['배추김치' '돼기고기' '가래떡' '대파' '생강즙' '참기름' '육수' '고춧가루' '다진마늘']
478,동태찌개,['동태' '무' '애호박' '두부' '청고추' '홍고추' '소금' '물' '고추장' '고춧가루' '다진마늘' '다진생강' '대파']
479,순두부찌개,"['순두부' '돼기고기' '바지락' '배추김치' '양파' '대파' '물' '다진마늘' '계란' '소금' '후춧가루' '식용유'
 '고춧가루']"
480,청국장찌개,['청국장' '쇠고기' '무' '배추김치' '물' '대파' '다진마늘' '김칫국물' '소금' '두부']
481,홍합꼬치구이,['대파' '소금' '파슬리' '고추장' '간장' '물엿' '청주' '다진마늘' '생강즙' '깨소금' '참기름' '홍합' '청주']
482,제육보쌈,"['돼기고기' '젓국' '생강' '배추' '무명실' '새우젓' '고춧가루' '다진파' '다진마늘' '깨소금' '참기름' '무' '굴'
 '미나리' '갓' '실파' '고춧가루' '된장']"
483,갈비찜,"['쇠고기' '대파' '당근' '표고버섯' '밤' '계란' '홍고추' '은행' '잣' '간장' '설탕' '청주' '배' '다진파'
 '다진마늘' '깨소금' '참기름' '후춧가루' '무']"
484,돈까스,"['계란' '당근' '통마늘' '육수' '버터' '샐러리' '쇠고기' '양파' '밀가루' '월계수잎' '돼기고기' '레드와인'
 '토마토케찹' '빵가루' '식용유' '소금' '후춧가루']"
485,갈비구이,"['육수' '간장' '마늘' '양파' '상추' '깻잎' '생강즙' '월계수잎' '갈비' '배즙' '양파즙' '물엿' '설탕' '통깨'
 '참기름' '후춧가루' '청주' '대파']"
486,생선탕수,"['대구살' '후춧가루' '식용유' '육수' '목이버섯' '양파' '당근' '피망' '파인애플' '식초' '설탕' '계란' '녹말'
 '청주' '토마토케첩' '마늘' '간장' '소금' '생강즙']"
487,오징어불고기,['오징어' '고추장' '다진파' '다진마늘' '물엿' '깨소금' '참기름' '간장' '설탕' '고춧가루' '생강즙']
488,마늘장아찌,['마늘' '물' '간장' '식초' '소금']
489,양배추말이찜,"['양배추잎' '후춧가루' '밤' '양파' '육수' '녹말' '물' '무명실' '소금' '간장' '깨소금' '청주' '다진파'
 '다진마늘' '참기름' '파슬리가루' '쇠고기']"
490,콩나물잡채,"['다진마늘' '다진파' '콩나물' '쇠고기' '표고버섯' '양파' '당근' '미나리' '계란' '소금' '깨소금' '참기름'
 '식용유' '진간장' '설탕' '후춧가루']"
491,팥칼국수,['칼국수면' '팥' '설탕' '소금' '물']
492,두부다시마말이,['다시마' '두부' '표고버섯' '당근' '고추' '양념간장' '깨소금' '소금' '참기름' '후춧가루' '초고추장' '들깨가루']
493,닭불고기,['닭' '간장' '고추장' '고춧가루' '후춧가루' '마늘' '생강즙' '깨소금' '대파']
494,갈치무조림,['갈치' '무' '감자' '홍고추' '대파' '물' '참기름' '고추장' '고춧가루' '마늘' '생강' '설탕' '깨소금' '간장']
495,멸치볶음,['잔멸치' '당근' '청고추' '청주' '깨소금' '간장' '설탕' '식용유']
496,바질토마토두부샐러드,['간장' '소금' '두부' '참빛고운포도씨유' '바질' '다진양파' '식초' '토마토']
497,우엉조림,['우엉' '간장' '물' '깨소금' '소금' '물엿']
498,콩나물무침,['콩나물' '다진파' '다진마늘' '후춧가루' '참기름' '실고추' '소금' '깨소금']
499,두부드레싱과 채소샐러드,['상추잎' '두부' '깨소금' '꿀' '파프리카' '레몬즙' '연겨자' '적양배추잎' '당근' '소금']
500,부추표고버섯볶음,['부추' '돼지고기' '표고버섯' '대파' '식용유' '간장' '청주' '소금' '생강']
501,죽순표고버섯볶음나물,['죽순' '표고버섯' '대파' '식용유' '물' '후춧가루' '다진파' '다진마늘' '참기름' '설탕' '소금' '간장']
502,팥국수,['물' '팥' '날콩가루' '밀가루' '소금']
503,쇠고기양송이볶음,['마늘' '간장' '물엿' '토마토케첩' '설탕' '양파' '후춧가루' '식용유' '쇠고기' '양송이버섯' '피망' '소금']
504,쇠고기산적,"['쇠고기' '생강즙' '실파' '느타리버섯' '마늘' '후춧가루' '꼬치' '참기름' '깨소금' '설탕' '꿀' '다진파'
 '다진마늘' '배즙' '햇살담은간장']"
505,구운감자와도미구이,"['도미' '감자' '방울토마토' '바질' '블랙올리브' '그린올리브' '스위트마조람' '올리브오일' '화이트와인' '계란노른자'
 '오레가노' '케이퍼']"
506,재첩국,['재첩' '소금' '물' '부추']
507,해산물샐러드,"['삶은 문어살' '소스' '꼴뚜기' '중새우살' '쭈꾸미' '참소라살' '모시조개' '가리비' '검은껍질홍합' '가재새우' '양파'
 '샐러리' '당근' '루콜라' '트레비소' '갑오징어']"
508,오이냉국,['오이' '파' '다진마늘' '간장' '식초' '설탕' '소금' '고춧가루' '물' '대파' '홍고추' '물' '깨소금']
509,연어까르파치오,['연어' '후춧가루' '레몬즙' '소금' '양파' '차이브' '올리브오일' '방울토마토' '페스토소스' '모듬채소' '양송이버섯']
510,생태국,['생태' '미나리' '콩나물' '무' '후춧가루' '마늘' '쌀뜨물' '소금' '홍고추']
511,미역냉국,['불린미역' '오이' '대파' '다진마늘' '물' '소금' '고춧가루' '간장' '깨소금']
512,미역국,['미역' '다진쇠고기' '마늘' '물' '후춧가루' '국간장' '참기름' '식용유']
513,무맑은국,['쇠고기' '무' '실파' '마늘' '물' '소금' '참기름' '후춧가루' '국간장']
514,두부조개탕,['두부' '콩나물' '모시조개' '북어' '홍고추' '후춧가루' '밀가루' '계란' '마늘' '소금' '실파']
515,두부국,['파' '다진마늘' '고추장' '참기름' '쇠고기' '소금' '후춧가루' '두부' '진간장']
516,다시마냉국,['다시마' '오이' '홍고추' '다진파' '물' '소금' '고춧가루' '깨소금' '다진마늘']
517,만둣국,"['김치' '참기름' '표고버섯' '두부' '만두피' '육수' '쇠고기' '다진파' '다진마늘' '소금' '후춧가루' '깨소금'
 '간장' '설탕' '숙주']"
518,해물국수,"['국수' '돼지고기' '녹말' '계란흰자' '오징어' '새우' '소금' '표고버섯' '죽순' '파' '다진마늘' '멸칫국물'
 '청주' '홍합']"
519,채소국수,['국수' '표고버섯' '오이' '계란' '깻잎' '쇠고기' '양념장' '상추' '부추']
520,열무김치냉면,['열무' '찹쌀가루' '냉면' '홍고추' '청고추' '대파' '물' '다진생강' '고춧가루' '식초' '설탕' '겨자' '다진마늘']
521,동치미막국수,['설탕' '통후추' '국수' '쇠고기' '동치미무' '간장' '홍고추' '소금' '깨소금' '참기름' '동치미국물' '계란']
522,냉면,['냉면' '쇠고기' '동치미국물' '오이' '배' '동치미무' '식초' '설탕' '소금' '쇠고기육수' '계란']
523,감자수제비,['밀가루' '감자' '애호박' '멸치' '실파' '소금' '물' '양념장' '국간장' '참기름' '홍고추']
524,오므라이스,['계란' '양파' '물' '당근' '쌈장' '후춧가루' '다시마' '밥' '청피망' '홍피망' '오이' '전분' '멸치' '소금']
525,카레라이스,['쇠고기' '감자' '양파' '당근' '통후추' '카레' '우유' '밥' '소금' '완두콩']
526,흑임자죽,['쌀' '흑임자' '설탕' '소금' '물']
527,호박죽,['물' '설탕' '찹쌀' '청동호박' '팥' '소금']
528,약식,['찹쌀' '흑설탕' '계핏가루' '깐밤' '대추' '물' '물엿' '식물성기름' '흰설탕' '간장' '잣']
529,콩나물밥,['쌀' '콩나물' '쇠고기' '파' '마늘' '통후추' '깨소금' '고춧가루' '진간장' '소금' '참기름']
530,잡채밥,"['당면' '통후추' '표고버섯' '호박' '당근' '부추' '청고추' '홍고추' '다진파' '다진마늘' '진간장' '참기름'
 '소금' '밥' '돼지고기']"
531,오곡밥,['멥쌀' '찹쌀' '수수' '소금' '콩' '팥' '차조']
532,나물비빔밥,"['쌀' '양지머리' '콩나물' '청포묵' '미나리' '소금' '국간장' '다진파' '다진마늘' '참기름' '고추장' '설탕'
 '숙주' '도라지' '고사리' '계란' '안심']"